book_id,title,author,genre,tags,published_year,page_count,language,rating,description
dune-frank-herbert,Dune,Frank Herbert,Science Fiction,"space-opera,politics,ecology",1965,688,en,4.27,"On the desert planet Arrakis, young Paul Atreides is caught between noble houses, a spice monopoly and a prophecy. A dense political epic about power, religion and ecology."
neuromancer-william-gibson,Neuromancer,William Gibson,Science Fiction,"cyberpunk,ai,heist",1984,271,en,4.03,"Case is a burned-out console cowboy hired for one last job by an artificial intelligence. The founding cyberpunk novel: neon, decks, and corporate decay."
left-hand-of-darkness,The Left Hand of Darkness,Ursula K. Le Guin,Science Fiction,"anthropology,gender,politics",1969,304,en,4.10,"An envoy visits an ice-bound world whose inhabitants have no fixed gender, and must learn to understand a culture before he can negotiate with it. Quiet, political, deeply humane."
the-hobbit,The Hobbit,J.R.R. Tolkien,Fantasy,"quest,dragons,friendship",1937,310,en,4.28,A comfortable hobbit is dragooned into a quest for dragon gold. The gentlest possible introduction to epic fantasy.
piranesi,Piranesi,Susanna Clarke,Fantasy,"mystery,labyrinth,quiet",2020,245,en,4.23,"A man lives alone in an infinite house of statues and tides, keeping careful notes. A strange, tender puzzle about memory and kindness."
the-name-of-the-wind,The Name of the Wind,Patrick Rothfuss,Fantasy,"magic,school,music",2007,662,en,4.28,"A legendary magician tells his own story: a childhood in a troupe, years in a brutal university, and a talent for naming things."
gone-girl,Gone Girl,Gillian Flynn,Thriller,"marriage,unreliable-narrator,mystery",2012,415,en,4.09,"A woman vanishes on her fifth wedding anniversary and her husband becomes the story. A cold, clever thriller about performance and public opinion."
the-big-sleep,The Big Sleep,Raymond Chandler,Mystery,"detective,noir,los-angeles",1939,231,en,3.95,Private eye Philip Marlowe takes a blackmail case for a dying general and finds the family rotten underneath. The template for hard-boiled detective fiction.
the-hound-of-the-baskervilles,The Hound of the Baskervilles,Arthur Conan Doyle,Mystery,"detective,horror,moor",1902,256,en,4.13,"Holmes and Watson investigate a family curse on the foggy Devon moors. Atmospheric, methodical Victorian detection."
educating-rita,Educating Rita,Willy Russell,Drama,"education,class,comedy",1980,96,en,3.90,"A hairdresser enrols in an Open University literature course and refuses to be condescended to. A two-hander about class, appetite and change."
sapiens,Sapiens: A Brief History of Humankind,Yuval Noah Harari,Non-Fiction,"history,anthropology,big-ideas",2011,498,en,4.35,"A sweeping account of how Homo sapiens came to dominate the planet through shared fictions: money, nations, religions and corporations."
thinking-fast-and-slow,"Thinking, Fast and Slow",Daniel Kahneman,Non-Fiction,"psychology,decision-making,bias",2011,499,en,4.17,"The two-system model of mind: fast intuition and slow reasoning, and the predictable ways each one misleads us."
the-design-of-everyday-things,The Design of Everyday Things,Don Norman,Non-Fiction,"design,usability,psychology",1988,368,en,4.17,"Why doors confuse us and interfaces frustrate us, and how good design makes the right action obvious. The classic text on affordances."
project-hail-mary,Project Hail Mary,Andy Weir,Science Fiction,"problem-solving,space,friendship",2021,476,en,4.51,"A lone astronaut wakes with no memory aboard a ship sent to save a dying sun, and solves one engineering problem at a time. Warm, funny, relentlessly competent."
the-martian,The Martian,Andy Weir,Science Fiction,"problem-solving,survival,space",2011,369,en,4.41,"An astronaut is stranded on Mars and has to science his way to survival. Told largely through logs, with a very high tolerance for duct tape."
a-canticle-for-leibowitz,A Canticle for Leibowitz,Walter M. Miller Jr.,Science Fiction,"post-apocalypse,religion,history",1959,338,en,4.00,"After nuclear war, monks preserve the scraps of scientific knowledge as holy relics. A long, wry meditation on history repeating itself."
beloved,Beloved,Toni Morrison,Literary Fiction,"slavery,memory,ghost",1987,324,en,4.00,"A formerly enslaved woman is haunted, literally, by her past. Demanding and extraordinary."
never-let-me-go,Never Let Me Go,Kazuo Ishiguro,Literary Fiction,"dystopia,memory,quiet",2005,288,en,3.85,Three friends at an English boarding school slowly understand what they are for. Devastating precisely because of its restraint.
the-remains-of-the-day,The Remains of the Day,Kazuo Ishiguro,Literary Fiction,"memory,class,restraint",1989,258,en,4.14,"An English butler takes a motoring holiday and reviews a life spent in service, and the feelings he never permitted himself."
the-city-and-the-city,The City and the City,China Mieville,Science Fiction,"crime,weird,politics",2009,312,en,4.03,"A murder investigation in a city that shares its streets with another invisible city, and the elaborate rules that keep them apart."
